{"loss": [1.9897860288619995, 1.421279788017273, 1.1586389541625977, 0.9744003415107727, 0.8408766984939575, 0.750560998916626, 0.6299189329147339, 0.5424476265907288, 0.4566877484321594, 0.3942931294441223, 0.33255916833877563, 0.3087238669395447, 0.24615339934825897, 0.23166732490062714, 0.18486246466636658, 0.16806566715240479, 0.13591612875461578, 0.14125213027000427, 0.11128044873476028, 0.1060568243265152, 0.09584342688322067, 0.09954366087913513, 0.08467480540275574, 0.07283949851989746, 0.08284112066030502, 0.08163408190011978, 0.06162753328680992, 0.0565078966319561, 0.0676313042640686, 0.049918580800294876], "accuracy": [0.2633555829524994, 0.49916526675224304, 0.5935726165771484, 0.667111873626709, 0.7090985178947449, 0.75, 0.7872287034988403, 0.8164440989494324, 0.8481636047363281, 0.8693656325340271, 0.8871452212333679, 0.892570972442627, 0.9161101579666138, 0.9206176996231079, 0.9375625848770142, 0.9446577429771423, 0.9530884623527527, 0.954674482345581, 0.9623539447784424, 0.9641068577766418, 0.9692821502685547, 0.9666110277175903, 0.9709515571594238, 0.976961612701416, 0.9724540710449219, 0.973789632320404, 0.9803839921951294, 0.981969952583313, 0.9765442609786987, 0.9838063716888428], "val_loss": [1.556549310684204, 1.1454708576202393, 1.1144027709960938, 0.9248508214950562, 0.7880421876907349, 0.6734077334403992, 0.6549429893493652, 0.622686505317688, 0.5279144048690796, 0.5186617970466614, 0.5221694707870483, 0.5479886531829834, 0.4634016156196594, 0.4242083430290222, 0.4402010440826416, 0.43271809816360474, 0.4483317732810974, 0.38866108655929565, 0.42785680294036865, 0.4772641956806183, 0.5015503168106079, 0.424398809671402, 0.3657265305519104, 0.4330151081085205, 0.38512367010116577, 0.33912211656570435, 0.3727008104324341, 0.4545854926109314, 0.3930371403694153, 0.3717537820339203], "val_accuracy": [0.44974958896636963, 0.6090150475502014, 0.5973289012908936, 0.6841402053833008, 0.739232063293457, 0.767278790473938, 0.7823038101196289, 0.7969949841499329, 0.8227044939994812, 0.8297162055969238, 0.839398980140686, 0.8283806443214417, 0.8614357113838196, 0.8647746443748474, 0.8754590749740601, 0.8814691305160522, 0.8804674744606018, 0.8954924941062927, 0.8908180594444275, 0.8774624466896057, 0.882136881351471, 0.8878130316734314, 0.903171956539154, 0.8888146877288818, 0.9025041460990906, 0.899833083152771, 0.9051752686500549, 0.8974958062171936, 0.9061769843101501, 0.9085142016410828]}