{"loss": [1.995723009109497, 1.4513914585113525, 1.1463350057601929, 0.9402665495872498, 0.8049187660217285, 0.6775498390197754, 0.5676771998405457, 0.4922631084918976, 0.43314945697784424, 0.35280105471611023, 0.298900842666626, 0.25284889340400696, 0.22481516003608704, 0.19068442285060883, 0.17006072402000427, 0.1468384861946106, 0.12677864730358124, 0.12010557949542999, 0.102639339864254, 0.10329443961381912, 0.1015462577342987, 0.08909064531326294, 0.06425701081752777, 0.07408290356397629, 0.07138875126838684, 0.06231006234884262, 0.07856425642967224, 0.04954623430967331, 0.05631500855088234, 0.05053117498755455], "accuracy": [0.2591819763183594, 0.48464107513427734, 0.6017529368400574, 0.6744574308395386, 0.7223706245422363, 0.7733722925186157, 0.8070951700210571, 0.8324707746505737, 0.8563439249992371, 0.8818029761314392, 0.898330569267273, 0.9143572449684143, 0.9255425930023193, 0.9371452331542969, 0.9435726404190063, 0.949999988079071, 0.95818030834198, 0.9602671265602112, 0.9658597707748413, 0.9648581147193909, 0.965442419052124, 0.9710350632667542, 0.9790484309196472, 0.9758764505386353, 0.9768781065940857, 0.9798831343650818, 0.9732888340950012, 0.9828046560287476, 0.9807178378105164, 0.9846410751342773], "val_loss": [1.5689280033111572, 1.1646754741668701, 1.003660798072815, 0.8309998512268066, 0.7934347987174988, 0.6161292791366577, 0.5724706649780273, 0.5053589344024658, 0.5534825921058655, 0.45524340867996216, 0.46723535656929016, 0.4198363125324249, 0.414016455411911, 0.45544710755348206, 0.44672223925590515, 0.36446183919906616, 0.43573200702667236, 0.39514923095703125, 0.35076963901519775, 0.36315563321113586, 0.31797924637794495, 0.3932347297668457, 0.3524879515171051, 0.3744775652885437, 0.3730517327785492, 0.4258071184158325, 0.3440600037574768, 0.4011915326118469, 0.3410232961177826, 0.5654203295707703], "val_accuracy": [0.4313856363296509, 0.5939899682998657, 0.6560934782028198, 0.72954922914505, 0.7245408892631531, 0.7936561107635498, 0.8153589367866516, 0.8333889842033386, 0.8333889842033386, 0.8587645888328552, 0.8577629327774048, 0.8647746443748474, 0.8731218576431274, 0.86711186170578, 0.8674457669258118, 0.8984975218772888, 0.8731218576431274, 0.8964941501617432, 0.9035058617591858, 0.8864774703979492, 0.903171956539154, 0.8918197154998779, 0.9078463912010193, 0.8911519050598145, 0.9065108299255371, 0.8978297114372253, 0.9141902923583984, 0.9035058617591858, 0.9218697547912598, 0.8931552767753601]}